{
  "beatsPerMinute": 120,
  "beatsPerMeasure": 4,
  "keys": [
    {
      "note": "8",
      "file": "A4"
    },
    {
      "note": "7",
      "file": "G#4"
    },
    {
      "note": "7b",
      "file": "G4"
    },
    {
      "note": "6",
      "file": "F#4"
    },
    {
      "note": "6b",
      "file": "F4"
    },
    {
      "note": "5",
      "file": "E4"
    },
    {
      "note": "5b",
      "file": "D#4"
    },
    {
      "note": "4",
      "file": "D4"
    },
    {
      "note": "3",
      "file": "C#4"
    },
    {
      "note": "3b",
      "file": "C4"
    },
    {
      "note": "2",
      "file": "B3"
    },
    {
      "note": "2b",
      "file": "A#3"
    },
    {
      "note": "1",
      "file": "A3"
    }
  ],
  "stages": [
    {
      "tracks": [
        "basic"
      ],
      "notes": [
        {
          "measure": 1,
          "beat": 1,
          "note": "4"
        },
        {
          "measure": 3,
          "beat": 1,
          "note": "3b"
        },
        {
          "measure": 5,
          "beat": 1,
          "note": "1"
        },
        {
          "measure": 7,
          "beat": 1,
          "note": "6b"
        }
      ]
    }
  ]
}
