{
  "beatsPerMinute": 71,
  "beatsPerMeasure": 4,
  "keys": [
    {
      "note": "8",
      "file": "d4"
    },
    {
      "note": "7",
      "file": "C#4"
    },
    {
      "note": "7b",
      "file": "C4"
    },
    {
      "note": "6",
      "file": "B3"
    },
    {
      "note": "6b",
      "file": "A#3"
    },
    {
      "note": "5",
      "file": "A3"
    },
    {
      "note": "5b",
      "file": "G#3"
    },
    {
      "note": "4",
      "file": "G3"
    },
    {
      "note": "3",
      "file": "F#3"
    },
    {
      "note": "3b",
      "file": "F3"
    },
    {
      "note": "2",
      "file": "E3"
    },
    {
      "note": "2b",
      "file": "D#3"
    },
    {
      "note": "1",
      "file": "D3"
    }
  ],
  "stages": [
    {
      "tracks": [
        "owe3b"
      ],
      "dialogue": [
        {
          "measure": 2,
          "beat": 4,
          "text": "Tiny vibrations in the strings."
		  "color": "#ffb93f"
        },
		{
          "measure": 3,
          "beat": 4,
          "text": "The speakers."
		  "color": "#ffb93f"
        },
		{
          "measure": 4,
          "beat": 4,
          "text": "The cells of your body."
		  "color": "#ffb93f"
        },
		{
          "measure": 5,
          "beat": 4,
          "text": "This loose collection of particles."
		  "color": "#ffb93f"
        },
		{
          "measure": 6,
          "beat": 4,
          "text": "It is you, and it is limited."
		  "color": "#ffb93f"
        },
		{
          "measure": 7,
          "beat": 4,
          "text": "But the universe is not."
		  "color": "#ffb93f"
        },
		{
          "measure": 8,
          "beat": 4,
          "text": "And you're connected to it..."
		  "color": "#ffb93f"
        },
		{
          "measure": 10,
          "beat": 4,
          "text": "...Drifting into everything"
		  "color": "#ffb93f"
        }
      ]
    }
  ]
}
